instance,num_ants,alpha,beta,evaporation_rate,version,cost,duration
10_3_5_3.def,1,1.0,5.0,0.1,1,12974,109
10_3_5_3.def,1,1.0,5.0,0.1,2,10845,152
10_3_5_3.def,1,1.0,5.0,0.5,1,12734,129
10_3_5_3.def,1,1.0,5.0,0.5,2,10845,152
10_3_5_3.def,1,1.0,5.0,0.9,1,12746,96
10_3_5_3.def,1,1.0,5.0,0.9,2,10845,152
10_3_5_3.def,1,5.0,1.0,0.1,1,12974,109
10_3_5_3.def,1,5.0,1.0,0.1,2,10845,152
10_3_5_3.def,1,5.0,1.0,0.5,1,12811,80
10_3_5_3.def,1,5.0,1.0,0.5,2,10845,152
10_3_5_3.def,1,5.0,1.0,0.9,1,12367,110
10_3_5_3.def,1,5.0,1.0,0.9,2,10934,116
10_3_5_3.def,1,1.0,1.0,0.1,1,13017,89
10_3_5_3.def,1,1.0,1.0,0.1,2,10845,152
10_3_5_3.def,1,1.0,1.0,0.5,1,12721,83
10_3_5_3.def,1,1.0,1.0,0.5,2,10845,152
10_3_5_3.def,1,1.0,1.0,0.9,1,12335,110
10_3_5_3.def,1,1.0,1.0,0.9,2,10876,152
10_3_5_3.def,30,1.0,5.0,0.1,1,12457,58
10_3_5_3.def,30,1.0,5.0,0.1,2,10845,188
10_3_5_3.def,30,1.0,5.0,0.5,1,12348,75
10_3_5_3.def,30,1.0,5.0,0.5,2,10845,152
10_3_5_3.def,30,1.0,5.0,0.9,1,13082,74
10_3_5_3.def,30,1.0,5.0,0.9,2,10845,189
10_3_5_3.def,30,5.0,1.0,0.1,1,12557,73
10_3_5_3.def,30,5.0,1.0,0.1,2,10845,189
10_3_5_3.def,30,5.0,1.0,0.5,1,12619,58
10_3_5_3.def,30,5.0,1.0,0.5,2,10845,226
10_3_5_3.def,30,5.0,1.0,0.9,1,12990,73
10_3_5_3.def,30,5.0,1.0,0.9,2,10845,189
10_3_5_3.def,30,1.0,1.0,0.1,1,12162,70
10_3_5_3.def,30,1.0,1.0,0.1,2,10845,189
10_3_5_3.def,30,1.0,1.0,0.5,1,12453,73
10_3_5_3.def,30,1.0,1.0,0.5,2,10845,189
10_3_5_3.def,30,1.0,1.0,0.9,1,12830,73
10_3_5_3.def,30,1.0,1.0,0.9,2,10845,226
10_5_8_5.def,1,1.0,5.0,0.1,1,10832,118
10_5_8_5.def,1,1.0,5.0,0.1,2,9013,127
10_5_8_5.def,1,1.0,5.0,0.5,1,11618,61
10_5_8_5.def,1,1.0,5.0,0.5,2,9013,127
10_5_8_5.def,1,1.0,5.0,0.9,1,11618,61
10_5_8_5.def,1,1.0,5.0,0.9,2,9013,127
10_5_8_5.def,1,5.0,1.0,0.1,1,10832,119
10_5_8_5.def,1,5.0,1.0,0.1,2,9013,127
10_5_8_5.def,1,5.0,1.0,0.5,1,11618,61
10_5_8_5.def,1,5.0,1.0,0.5,2,9013,127
10_5_8_5.def,1,5.0,1.0,0.9,1,11618,61
10_5_8_5.def,1,5.0,1.0,0.9,2,9115,138
10_5_8_5.def,1,1.0,1.0,0.1,1,11618,67
10_5_8_5.def,1,1.0,1.0,0.1,2,9013,127
10_5_8_5.def,1,1.0,1.0,0.5,1,11618,87
10_5_8_5.def,1,1.0,1.0,0.5,2,9013,127
10_5_8_5.def,1,1.0,1.0,0.9,1,11618,87
10_5_8_5.def,1,1.0,1.0,0.9,2,9013,127
10_5_8_5.def,30,1.0,5.0,0.1,1,11618,57
10_5_8_5.def,30,1.0,5.0,0.1,2,9013,127
10_5_8_5.def,30,1.0,5.0,0.5,1,11618,51
10_5_8_5.def,30,1.0,5.0,0.5,2,9013,127
10_5_8_5.def,30,1.0,5.0,0.9,1,11618,51
10_5_8_5.def,30,1.0,5.0,0.9,2,9013,127
10_5_8_5.def,30,5.0,1.0,0.1,1,11618,51
10_5_8_5.def,30,5.0,1.0,0.1,2,9115,138
10_5_8_5.def,30,5.0,1.0,0.5,1,11618,51
10_5_8_5.def,30,5.0,1.0,0.5,2,9115,138
10_5_8_5.def,30,5.0,1.0,0.9,1,11618,51
10_5_8_5.def,30,5.0,1.0,0.9,2,9115,138
10_5_8_5.def,30,1.0,1.0,0.1,1,11618,51
10_5_8_5.def,30,1.0,1.0,0.1,2,9013,127
10_5_8_5.def,30,1.0,1.0,0.5,1,11618,51
10_5_8_5.def,30,1.0,1.0,0.5,2,9013,128
10_5_8_5.def,30,1.0,1.0,0.9,1,11618,51
10_5_8_5.def,30,1.0,1.0,0.9,2,9115,138
200_20_150_9_D5.def,1,1.0,5.0,0.1,1,91213,1044
200_20_150_9_D5.def,1,1.0,5.0,0.1,2,52542,2893
200_20_150_9_D5.def,1,1.0,5.0,0.5,1,89626,960
200_20_150_9_D5.def,1,1.0,5.0,0.5,2,52542,2893
200_20_150_9_D5.def,1,1.0,5.0,0.9,1,94103,953
200_20_150_9_D5.def,1,1.0,5.0,0.9,2,52542,2873
200_20_150_9_D5.def,1,5.0,1.0,0.1,1,93192,947
200_20_150_9_D5.def,1,5.0,1.0,0.1,2,52542,2873
200_20_150_9_D5.def,1,5.0,1.0,0.5,1,94409,1002
200_20_150_9_D5.def,1,5.0,1.0,0.5,2,52542,2873
200_20_150_9_D5.def,1,5.0,1.0,0.9,1,95761,931
200_20_150_9_D5.def,1,5.0,1.0,0.9,2,52566,2805
200_20_150_9_D5.def,1,1.0,1.0,0.1,1,90773,936
200_20_150_9_D5.def,1,1.0,1.0,0.1,2,52542,2893
200_20_150_9_D5.def,1,1.0,1.0,0.5,1,94413,970
200_20_150_9_D5.def,1,1.0,1.0,0.5,2,52542,2874
200_20_150_9_D5.def,1,1.0,1.0,0.9,1,97496,907
200_20_150_9_D5.def,1,1.0,1.0,0.9,2,52542,2873
200_20_150_9_D5.def,30,1.0,5.0,0.1,1,93101,907
200_20_150_9_D5.def,30,1.0,5.0,0.1,2,52542,2855
200_20_150_9_D5.def,30,1.0,5.0,0.5,1,93473,907
200_20_150_9_D5.def,30,1.0,5.0,0.5,2,52542,2867
200_20_150_9_D5.def,30,1.0,5.0,0.9,1,97029,907
200_20_150_9_D5.def,30,1.0,5.0,0.9,2,52542,2871
200_20_150_9_D5.def,30,5.0,1.0,0.1,1,95736,907
200_20_150_9_D5.def,30,5.0,1.0,0.1,2,52547,2861
200_20_150_9_D5.def,30,5.0,1.0,0.5,1,93090,907
200_20_150_9_D5.def,30,5.0,1.0,0.5,2,52583,2885
200_20_150_9_D5.def,30,5.0,1.0,0.9,1,93117,907
200_20_150_9_D5.def,30,5.0,1.0,0.9,2,53040,2803
200_20_150_9_D5.def,30,1.0,1.0,0.1,1,93342,907
200_20_150_9_D5.def,30,1.0,1.0,0.1,2,52542,2847
200_20_150_9_D5.def,30,1.0,1.0,0.5,1,95278,907
200_20_150_9_D5.def,30,1.0,1.0,0.5,2,52542,2871
200_20_150_9_D5.def,30,1.0,1.0,0.9,1,94291,907
200_20_150_9_D5.def,30,1.0,1.0,0.9,2,52551,2879
100_20_23_9_D1.def,1,1.0,5.0,0.1,1,56165,207
100_20_23_9_D1.def,1,1.0,5.0,0.1,2,30643,1239
100_20_23_9_D1.def,1,1.0,5.0,0.5,1,54263,159
100_20_23_9_D1.def,1,1.0,5.0,0.5,2,30643,1239
100_20_23_9_D1.def,1,1.0,5.0,0.9,1,53219,181
100_20_23_9_D1.def,1,1.0,5.0,0.9,2,30643,1239
100_20_23_9_D1.def,1,5.0,1.0,0.1,1,53005,182
100_20_23_9_D1.def,1,5.0,1.0,0.1,2,30646,1239
100_20_23_9_D1.def,1,5.0,1.0,0.5,1,52428,195
100_20_23_9_D1.def,1,5.0,1.0,0.5,2,30655,1236
100_20_23_9_D1.def,1,5.0,1.0,0.9,1,52938,201
100_20_23_9_D1.def,1,5.0,1.0,0.9,2,30781,1140
100_20_23_9_D1.def,1,1.0,1.0,0.1,1,54136,214
100_20_23_9_D1.def,1,1.0,1.0,0.1,2,30643,1239
100_20_23_9_D1.def,1,1.0,1.0,0.5,1,53133,201
100_20_23_9_D1.def,1,1.0,1.0,0.5,2,30643,1239
100_20_23_9_D1.def,1,1.0,1.0,0.9,1,53082,175
100_20_23_9_D1.def,1,1.0,1.0,0.9,2,30650,1239
100_20_23_9_D1.def,30,1.0,5.0,0.1,1,54610,155
100_20_23_9_D1.def,30,1.0,5.0,0.1,2,30643,1239
100_20_23_9_D1.def,30,1.0,5.0,0.5,1,53210,153
100_20_23_9_D1.def,30,1.0,5.0,0.5,2,30643,1278
100_20_23_9_D1.def,30,1.0,5.0,0.9,1,53175,149
100_20_23_9_D1.def,30,1.0,5.0,0.9,2,30683,1296
100_20_23_9_D1.def,30,5.0,1.0,0.1,1,55061,148
100_20_23_9_D1.def,30,5.0,1.0,0.1,2,30830,1266
100_20_23_9_D1.def,30,5.0,1.0,0.5,1,52020,148
100_20_23_9_D1.def,30,5.0,1.0,0.5,2,31021,1034
100_20_23_9_D1.def,30,5.0,1.0,0.9,1,51672,148
100_20_23_9_D1.def,30,5.0,1.0,0.9,2,34160,760
100_20_23_9_D1.def,30,1.0,1.0,0.1,1,54252,148
100_20_23_9_D1.def,30,1.0,1.0,0.1,2,30654,1222
100_20_23_9_D1.def,30,1.0,1.0,0.5,1,52319,148
100_20_23_9_D1.def,30,1.0,1.0,0.5,2,30643,1260
100_20_23_9_D1.def,30,1.0,1.0,0.9,1,54406,148
100_20_23_9_D1.def,30,1.0,1.0,0.9,2,30825,1131
100_10_27_9_D2.def,1,1.0,5.0,0.1,1,44536,283
100_10_27_9_D2.def,1,1.0,5.0,0.1,2,26771,1064
100_10_27_9_D2.def,1,1.0,5.0,0.5,1,43864,298
100_10_27_9_D2.def,1,1.0,5.0,0.5,2,26771,1064
100_10_27_9_D2.def,1,1.0,5.0,0.9,1,44170,298
100_10_27_9_D2.def,1,1.0,5.0,0.9,2,26771,1064
100_10_27_9_D2.def,1,5.0,1.0,0.1,1,44400,266
100_10_27_9_D2.def,1,5.0,1.0,0.1,2,26773,1054
100_10_27_9_D2.def,1,5.0,1.0,0.5,1,45279,269
100_10_27_9_D2.def,1,5.0,1.0,0.5,2,26779,1056
100_10_27_9_D2.def,1,5.0,1.0,0.9,1,44284,276
100_10_27_9_D2.def,1,5.0,1.0,0.9,2,26833,1047
100_10_27_9_D2.def,1,1.0,1.0,0.1,1,44317,252
100_10_27_9_D2.def,1,1.0,1.0,0.1,2,26771,1064
100_10_27_9_D2.def,1,1.0,1.0,0.5,1,44945,265
100_10_27_9_D2.def,1,1.0,1.0,0.5,2,26771,1064
100_10_27_9_D2.def,1,1.0,1.0,0.9,1,43951,262
100_10_27_9_D2.def,1,1.0,1.0,0.9,2,26777,1034
100_10_27_9_D2.def,30,1.0,5.0,0.1,1,44204,247
100_10_27_9_D2.def,30,1.0,5.0,0.1,2,26771,1102
100_10_27_9_D2.def,30,1.0,5.0,0.5,1,44478,253
100_10_27_9_D2.def,30,1.0,5.0,0.5,2,26771,1016
100_10_27_9_D2.def,30,1.0,5.0,0.9,1,44387,261
100_10_27_9_D2.def,30,1.0,5.0,0.9,2,26773,1006
100_10_27_9_D2.def,30,5.0,1.0,0.1,1,45719,239
100_10_27_9_D2.def,30,5.0,1.0,0.1,2,26786,989
100_10_27_9_D2.def,30,5.0,1.0,0.5,1,44442,226
100_10_27_9_D2.def,30,5.0,1.0,0.5,2,26859,1068
100_10_27_9_D2.def,30,5.0,1.0,0.9,1,45299,240
100_10_27_9_D2.def,30,5.0,1.0,0.9,2,27264,1088
100_10_27_9_D2.def,30,1.0,1.0,0.1,1,44412,241
100_10_27_9_D2.def,30,1.0,1.0,0.1,2,26773,1052
100_10_27_9_D2.def,30,1.0,1.0,0.5,1,44512,225
100_10_27_9_D2.def,30,1.0,1.0,0.5,2,26771,982
100_10_27_9_D2.def,30,1.0,1.0,0.9,1,45230,234
100_10_27_9_D2.def,30,1.0,1.0,0.9,2,26856,1084
100_20_65_9.def,1,1.0,5.0,0.1,1,131257,198
100_20_65_9.def,1,1.0,5.0,0.1,2,60954,924
100_20_65_9.def,1,1.0,5.0,0.5,1,128331,179
100_20_65_9.def,1,1.0,5.0,0.5,2,60956,924
100_20_65_9.def,1,1.0,5.0,0.9,1,124304,218
100_20_65_9.def,1,1.0,5.0,0.9,2,60956,924
100_20_65_9.def,1,5.0,1.0,0.1,1,126264,207
100_20_65_9.def,1,5.0,1.0,0.1,2,60958,924
100_20_65_9.def,1,5.0,1.0,0.5,1,126834,193
100_20_65_9.def,1,5.0,1.0,0.5,2,60957,924
100_20_65_9.def,1,5.0,1.0,0.9,1,129341,182
100_20_65_9.def,1,5.0,1.0,0.9,2,61640,853
100_20_65_9.def,1,1.0,1.0,0.1,1,125396,181
100_20_65_9.def,1,1.0,1.0,0.1,2,60954,924
100_20_65_9.def,1,1.0,1.0,0.5,1,126755,203
100_20_65_9.def,1,1.0,1.0,0.5,2,60954,924
100_20_65_9.def,1,1.0,1.0,0.9,1,129205,179
100_20_65_9.def,1,1.0,1.0,0.9,2,60961,924
100_20_65_9.def,30,1.0,5.0,0.1,1,128072,178
100_20_65_9.def,30,1.0,5.0,0.1,2,60959,924
100_20_65_9.def,30,1.0,5.0,0.5,1,128456,177
100_20_65_9.def,30,1.0,5.0,0.5,2,60959,924
100_20_65_9.def,30,1.0,5.0,0.9,1,134812,171
100_20_65_9.def,30,1.0,5.0,0.9,2,60967,924
100_20_65_9.def,30,5.0,1.0,0.1,1,124378,149
100_20_65_9.def,30,5.0,1.0,0.1,2,61015,978
100_20_65_9.def,30,5.0,1.0,0.5,1,129168,161
100_20_65_9.def,30,5.0,1.0,0.5,2,62445,970
100_20_65_9.def,30,5.0,1.0,0.9,1,126880,151
100_20_65_9.def,30,5.0,1.0,0.9,2,70254,884
100_20_65_9.def,30,1.0,1.0,0.1,1,127365,168
100_20_65_9.def,30,1.0,1.0,0.1,2,60967,924
100_20_65_9.def,30,1.0,1.0,0.5,1,127120,163
100_20_65_9.def,30,1.0,1.0,0.5,2,60960,945
100_20_65_9.def,30,1.0,1.0,0.9,1,128042,154
100_20_65_9.def,30,1.0,1.0,0.9,2,61371,999
100_5_64_9.def,1,1.0,5.0,0.1,1,105583,598
100_5_64_9.def,1,1.0,5.0,0.1,2,74200,1504
100_5_64_9.def,1,1.0,5.0,0.5,1,107957,695
100_5_64_9.def,1,1.0,5.0,0.5,2,74200,1504
100_5_64_9.def,1,1.0,5.0,0.9,1,109085,582
100_5_64_9.def,1,1.0,5.0,0.9,2,74200,1504
100_5_64_9.def,1,5.0,1.0,0.1,1,106782,554
100_5_64_9.def,1,5.0,1.0,0.1,2,74200,1504
100_5_64_9.def,1,5.0,1.0,0.5,1,106539,561
100_5_64_9.def,1,5.0,1.0,0.5,2,74200,1504
100_5_64_9.def,1,5.0,1.0,0.9,1,105994,514
100_5_64_9.def,1,5.0,1.0,0.9,2,74200,1485
100_5_64_9.def,1,1.0,1.0,0.1,1,103439,534
100_5_64_9.def,1,1.0,1.0,0.1,2,74200,1504
100_5_64_9.def,1,1.0,1.0,0.5,1,105777,590
100_5_64_9.def,1,1.0,1.0,0.5,2,74200,1504
100_5_64_9.def,1,1.0,1.0,0.9,1,102774,542
100_5_64_9.def,1,1.0,1.0,0.9,2,74200,1504
100_5_64_9.def,30,1.0,5.0,0.1,1,103211,544
100_5_64_9.def,30,1.0,5.0,0.1,2,74199,1504
100_5_64_9.def,30,1.0,5.0,0.5,1,105257,547
100_5_64_9.def,30,1.0,5.0,0.5,2,74200,1486
100_5_64_9.def,30,1.0,5.0,0.9,1,104732,558
100_5_64_9.def,30,1.0,5.0,0.9,2,74200,1504
100_5_64_9.def,30,5.0,1.0,0.1,1,106096,491
100_5_64_9.def,30,5.0,1.0,0.1,2,74200,1504
100_5_64_9.def,30,5.0,1.0,0.5,1,103669,474
100_5_64_9.def,30,5.0,1.0,0.5,2,74200,1504
100_5_64_9.def,30,5.0,1.0,0.9,1,108776,505
100_5_64_9.def,30,5.0,1.0,0.9,2,74386,1507
100_5_64_9.def,30,1.0,1.0,0.1,1,104959,504
100_5_64_9.def,30,1.0,1.0,0.1,2,74199,1486
100_5_64_9.def,30,1.0,1.0,0.5,1,107331,486
100_5_64_9.def,30,1.0,1.0,0.5,2,74199,1504
100_5_64_9.def,30,1.0,1.0,0.9,1,107791,498
100_5_64_9.def,30,1.0,1.0,0.9,2,74199,1504
200_10_50_9.def,1,1.0,5.0,0.1,1,253532,527
200_10_50_9.def,1,1.0,5.0,0.1,2,106986,2895
200_10_50_9.def,1,1.0,5.0,0.5,1,251156,539
200_10_50_9.def,1,1.0,5.0,0.5,2,106986,2895
200_10_50_9.def,1,1.0,5.0,0.9,1,253427,512
200_10_50_9.def,1,1.0,5.0,0.9,2,106986,2895
200_10_50_9.def,1,5.0,1.0,0.1,1,249849,585
200_10_50_9.def,1,5.0,1.0,0.1,2,106986,2895
200_10_50_9.def,1,5.0,1.0,0.5,1,256151,513
200_10_50_9.def,1,5.0,1.0,0.5,2,106986,2895
200_10_50_9.def,1,5.0,1.0,0.9,1,254022,509
200_10_50_9.def,1,5.0,1.0,0.9,2,107032,2895
200_10_50_9.def,1,1.0,1.0,0.1,1,254669,539
200_10_50_9.def,1,1.0,1.0,0.1,2,106986,2895
200_10_50_9.def,1,1.0,1.0,0.5,1,252813,522
200_10_50_9.def,1,1.0,1.0,0.5,2,106986,2895
200_10_50_9.def,1,1.0,1.0,0.9,1,256589,492
200_10_50_9.def,1,1.0,1.0,0.9,2,106991,2895
200_10_50_9.def,30,1.0,5.0,0.1,1,254501,492
200_10_50_9.def,30,1.0,5.0,0.1,2,106986,2857
200_10_50_9.def,30,1.0,5.0,0.5,1,253748,480
200_10_50_9.def,30,1.0,5.0,0.5,2,106986,2881
200_10_50_9.def,30,1.0,5.0,0.9,1,252190,486
200_10_50_9.def,30,1.0,5.0,0.9,2,107010,2881
200_10_50_9.def,30,5.0,1.0,0.1,1,255106,479
200_10_50_9.def,30,5.0,1.0,0.1,2,107140,2844
200_10_50_9.def,30,5.0,1.0,0.5,1,256469,485
200_10_50_9.def,30,5.0,1.0,0.5,2,107152,2849
200_10_50_9.def,30,5.0,1.0,0.9,1,256080,473
200_10_50_9.def,30,5.0,1.0,0.9,2,108830,3048
200_10_50_9.def,30,1.0,1.0,0.1,1,254175,476
200_10_50_9.def,30,1.0,1.0,0.1,2,107019,2881
200_10_50_9.def,30,1.0,1.0,0.5,1,257131,491
200_10_50_9.def,30,1.0,1.0,0.5,2,107040,2919
200_10_50_9.def,30,1.0,1.0,0.9,1,256843,477
200_10_50_9.def,30,1.0,1.0,0.9,2,107173,2865
100_20_47_9.def,1,1.0,5.0,0.1,1,130501,186
100_20_47_9.def,1,1.0,5.0,0.1,2,56190,1190
100_20_47_9.def,1,1.0,5.0,0.5,1,130795,162
100_20_47_9.def,1,1.0,5.0,0.5,2,56190,1150
100_20_47_9.def,1,1.0,5.0,0.9,1,134135,195
100_20_47_9.def,1,1.0,5.0,0.9,2,56190,1150
100_20_47_9.def,1,5.0,1.0,0.1,1,132300,171
100_20_47_9.def,1,5.0,1.0,0.1,2,56190,1117
100_20_47_9.def,1,5.0,1.0,0.5,1,130459,167
100_20_47_9.def,1,5.0,1.0,0.5,2,56290,1117
100_20_47_9.def,1,5.0,1.0,0.9,1,130217,176
100_20_47_9.def,1,5.0,1.0,0.9,2,56648,1132
100_20_47_9.def,1,1.0,1.0,0.1,1,130993,158
100_20_47_9.def,1,1.0,1.0,0.1,2,56190,1150
100_20_47_9.def,1,1.0,1.0,0.5,1,138472,152
100_20_47_9.def,1,1.0,1.0,0.5,2,56190,1150
100_20_47_9.def,1,1.0,1.0,0.9,1,131786,158
100_20_47_9.def,1,1.0,1.0,0.9,2,56356,1112
100_20_47_9.def,30,1.0,5.0,0.1,1,134947,147
100_20_47_9.def,30,1.0,5.0,0.1,2,56190,1150
100_20_47_9.def,30,1.0,5.0,0.5,1,136614,147
100_20_47_9.def,30,1.0,5.0,0.5,2,56190,1150
100_20_47_9.def,30,1.0,5.0,0.9,1,131817,146
100_20_47_9.def,30,1.0,5.0,0.9,2,56190,1078
100_20_47_9.def,30,5.0,1.0,0.1,1,130143,128
100_20_47_9.def,30,5.0,1.0,0.1,2,56257,1214
100_20_47_9.def,30,5.0,1.0,0.5,1,130885,136
100_20_47_9.def,30,5.0,1.0,0.5,2,56299,1200
100_20_47_9.def,30,5.0,1.0,0.9,1,131379,142
100_20_47_9.def,30,5.0,1.0,0.9,2,62938,1065
100_20_47_9.def,30,1.0,1.0,0.1,1,130650,134
100_20_47_9.def,30,1.0,1.0,0.1,2,56190,1190
100_20_47_9.def,30,1.0,1.0,0.5,1,131742,144
100_20_47_9.def,30,1.0,1.0,0.5,2,56190,1190
100_20_47_9.def,30,1.0,1.0,0.9,1,131553,142
100_20_47_9.def,30,1.0,1.0,0.9,2,56232,1191
200_40_45_9.def,1,1.0,5.0,0.1,1,277095,161
200_40_45_9.def,1,1.0,5.0,0.1,2,79979,2663
200_40_45_9.def,1,1.0,5.0,0.5,1,274626,151
200_40_45_9.def,1,1.0,5.0,0.5,2,79979,2663
200_40_45_9.def,1,1.0,5.0,0.9,1,275938,151
200_40_45_9.def,1,1.0,5.0,0.9,2,79990,2663
200_40_45_9.def,1,5.0,1.0,0.1,1,280096,165
200_40_45_9.def,1,5.0,1.0,0.1,2,80005,2663
200_40_45_9.def,1,5.0,1.0,0.5,1,278427,138
200_40_45_9.def,1,5.0,1.0,0.5,2,80045,2663
200_40_45_9.def,1,5.0,1.0,0.9,1,269757,160
200_40_45_9.def,1,5.0,1.0,0.9,2,80128,2663
200_40_45_9.def,1,1.0,1.0,0.1,1,277331,164
200_40_45_9.def,1,1.0,1.0,0.1,2,79979,2663
200_40_45_9.def,1,1.0,1.0,0.5,1,272795,159
200_40_45_9.def,1,1.0,1.0,0.5,2,79992,2663
200_40_45_9.def,1,1.0,1.0,0.9,1,279629,143
200_40_45_9.def,1,1.0,1.0,0.9,2,80014,2663
200_40_45_9.def,30,1.0,5.0,0.1,1,277610,147
200_40_45_9.def,30,1.0,5.0,0.1,2,79979,2663
200_40_45_9.def,30,1.0,5.0,0.5,1,275168,148
200_40_45_9.def,30,1.0,5.0,0.5,2,79990,2663
200_40_45_9.def,30,1.0,5.0,0.9,1,278511,133
200_40_45_9.def,30,1.0,5.0,0.9,2,80021,2663
200_40_45_9.def,30,5.0,1.0,0.1,1,281259,144
200_40_45_9.def,30,5.0,1.0,0.1,2,80217,2856
200_40_45_9.def,30,5.0,1.0,0.5,1,279420,136
200_40_45_9.def,30,5.0,1.0,0.5,2,80828,2743
200_40_45_9.def,30,5.0,1.0,0.9,1,275560,139
200_40_45_9.def,30,5.0,1.0,0.9,2,89339,2307
200_40_45_9.def,30,1.0,1.0,0.1,1,274987,140
200_40_45_9.def,30,1.0,1.0,0.1,2,80030,2663
200_40_45_9.def,30,1.0,1.0,0.5,1,272039,138
200_40_45_9.def,30,1.0,1.0,0.5,2,80053,2664
200_40_45_9.def,30,1.0,1.0,0.9,1,275261,137
200_40_45_9.def,30,1.0,1.0,0.9,2,80277,2663
200_40_90_9.def,1,1.0,5.0,0.1,1,307169,205
200_40_90_9.def,1,1.0,5.0,0.1,2,82177,2394
200_40_90_9.def,1,1.0,5.0,0.5,1,300790,213
200_40_90_9.def,1,1.0,5.0,0.5,2,82177,2394
200_40_90_9.def,1,1.0,5.0,0.9,1,291743,181
200_40_90_9.def,1,1.0,5.0,0.9,2,82177,2394
200_40_90_9.def,1,5.0,1.0,0.1,1,298965,169
200_40_90_9.def,1,5.0,1.0,0.1,2,82177,2355
200_40_90_9.def,1,5.0,1.0,0.5,1,297784,180
200_40_90_9.def,1,5.0,1.0,0.5,2,82177,2394
200_40_90_9.def,1,5.0,1.0,0.9,1,299543,170
200_40_90_9.def,1,5.0,1.0,0.9,2,82538,2363
200_40_90_9.def,1,1.0,1.0,0.1,1,300236,187
200_40_90_9.def,1,1.0,1.0,0.1,2,82177,2394
200_40_90_9.def,1,1.0,1.0,0.5,1,299560,180
200_40_90_9.def,1,1.0,1.0,0.5,2,82177,2394
200_40_90_9.def,1,1.0,1.0,0.9,1,302292,175
200_40_90_9.def,1,1.0,1.0,0.9,2,82177,2394
200_40_90_9.def,30,1.0,5.0,0.1,1,298667,171
200_40_90_9.def,30,1.0,5.0,0.1,2,82177,2366
200_40_90_9.def,30,1.0,5.0,0.5,1,301064,170
200_40_90_9.def,30,1.0,5.0,0.5,2,82177,2448
200_40_90_9.def,30,1.0,5.0,0.9,1,291317,169
200_40_90_9.def,30,1.0,5.0,0.9,2,82177,2468
200_40_90_9.def,30,5.0,1.0,0.1,1,296602,157
200_40_90_9.def,30,5.0,1.0,0.1,2,82212,2384
200_40_90_9.def,30,5.0,1.0,0.5,1,293661,160
200_40_90_9.def,30,5.0,1.0,0.5,2,82533,2355
200_40_90_9.def,30,5.0,1.0,0.9,1,298970,159
200_40_90_9.def,30,5.0,1.0,0.9,2,88434,2103
200_40_90_9.def,30,1.0,1.0,0.1,1,301698,165
200_40_90_9.def,30,1.0,1.0,0.1,2,82177,2523
200_40_90_9.def,30,1.0,1.0,0.5,1,296929,161
200_40_90_9.def,30,1.0,1.0,0.5,2,82177,2300
200_40_90_9.def,30,1.0,1.0,0.9,1,298726,157
200_40_90_9.def,30,1.0,1.0,0.9,2,82412,2572
100_5_48_9.def,1,1.0,5.0,0.1,1,198214,547
100_5_48_9.def,1,1.0,5.0,0.1,2,178346,1248
100_5_48_9.def,1,1.0,5.0,0.5,1,196626,681
100_5_48_9.def,1,1.0,5.0,0.5,2,178346,1249
100_5_48_9.def,1,1.0,5.0,0.9,1,195051,594
100_5_48_9.def,1,1.0,5.0,0.9,2,178346,1283
100_5_48_9.def,1,5.0,1.0,0.1,1,196331,545
100_5_48_9.def,1,5.0,1.0,0.1,2,178346,1248
100_5_48_9.def,1,5.0,1.0,0.5,1,196849,505
100_5_48_9.def,1,5.0,1.0,0.5,2,178346,1248
100_5_48_9.def,1,5.0,1.0,0.9,1,197140,544
100_5_48_9.def,1,5.0,1.0,0.9,2,178346,1240
100_5_48_9.def,1,1.0,1.0,0.1,1,196827,562
100_5_48_9.def,1,1.0,1.0,0.1,2,178346,1248
100_5_48_9.def,1,1.0,1.0,0.5,1,197799,577
100_5_48_9.def,1,1.0,1.0,0.5,2,178346,1248
100_5_48_9.def,1,1.0,1.0,0.9,1,194672,531
100_5_48_9.def,1,1.0,1.0,0.9,2,178346,1248
100_5_48_9.def,30,1.0,5.0,0.1,1,196634,544
100_5_48_9.def,30,1.0,5.0,0.1,2,178346,1248
100_5_48_9.def,30,1.0,5.0,0.5,1,196313,536
100_5_48_9.def,30,1.0,5.0,0.5,2,178346,1248
100_5_48_9.def,30,1.0,5.0,0.9,1,195272,555
100_5_48_9.def,30,1.0,5.0,0.9,2,178346,1283
100_5_48_9.def,30,5.0,1.0,0.1,1,194763,503
100_5_48_9.def,30,5.0,1.0,0.1,2,178346,1358
100_5_48_9.def,30,5.0,1.0,0.5,1,195624,504
100_5_48_9.def,30,5.0,1.0,0.5,2,178346,1346
100_5_48_9.def,30,5.0,1.0,0.9,1,196653,513
100_5_48_9.def,30,5.0,1.0,0.9,2,179111,1216
100_5_48_9.def,30,1.0,1.0,0.1,1,195410,505
100_5_48_9.def,30,1.0,1.0,0.1,2,178346,1323
100_5_48_9.def,30,1.0,1.0,0.5,1,195143,480
100_5_48_9.def,30,1.0,1.0,0.5,2,178346,1323
100_5_48_9.def,30,1.0,1.0,0.9,1,196504,496
100_5_48_9.def,30,1.0,1.0,0.9,2,178346,1277
100_10_47_9.def,1,1.0,5.0,0.1,1,142626,307
100_10_47_9.def,1,1.0,5.0,0.1,2,92771,1267
100_10_47_9.def,1,1.0,5.0,0.5,1,143305,288
100_10_47_9.def,1,1.0,5.0,0.5,2,92771,1267
100_10_47_9.def,1,1.0,5.0,0.9,1,144226,288
100_10_47_9.def,1,1.0,5.0,0.9,2,92771,1267
100_10_47_9.def,1,5.0,1.0,0.1,1,142894,274
100_10_47_9.def,1,5.0,1.0,0.1,2,92771,1267
100_10_47_9.def,1,5.0,1.0,0.5,1,145129,282
100_10_47_9.def,1,5.0,1.0,0.5,2,92771,1267
100_10_47_9.def,1,5.0,1.0,0.9,1,144893,286
100_10_47_9.def,1,5.0,1.0,0.9,2,92892,1267
100_10_47_9.def,1,1.0,1.0,0.1,1,143599,311
100_10_47_9.def,1,1.0,1.0,0.1,2,92771,1267
100_10_47_9.def,1,1.0,1.0,0.5,1,144360,296
100_10_47_9.def,1,1.0,1.0,0.5,2,92771,1267
100_10_47_9.def,1,1.0,1.0,0.9,1,144487,281
100_10_47_9.def,1,1.0,1.0,0.9,2,92771,1260
100_10_47_9.def,30,1.0,5.0,0.1,1,147481,284
100_10_47_9.def,30,1.0,5.0,0.1,2,92771,1267
100_10_47_9.def,30,1.0,5.0,0.5,1,143705,282
100_10_47_9.def,30,1.0,5.0,0.5,2,92771,1306
100_10_47_9.def,30,1.0,5.0,0.9,1,146906,284
100_10_47_9.def,30,1.0,5.0,0.9,2,92771,1267
100_10_47_9.def,30,5.0,1.0,0.1,1,142962,252
100_10_47_9.def,30,5.0,1.0,0.1,2,92816,1308
100_10_47_9.def,30,5.0,1.0,0.5,1,143859,259
100_10_47_9.def,30,5.0,1.0,0.5,2,92962,1328
100_10_47_9.def,30,5.0,1.0,0.9,1,144911,257
100_10_47_9.def,30,5.0,1.0,0.9,2,96208,1376
100_10_47_9.def,30,1.0,1.0,0.1,1,144921,266
100_10_47_9.def,30,1.0,1.0,0.1,2,92771,1228
100_10_47_9.def,30,1.0,1.0,0.5,1,145729,258
100_10_47_9.def,30,1.0,1.0,0.5,2,92771,1267
100_10_47_9.def,30,1.0,1.0,0.9,1,145015,256
100_10_47_9.def,30,1.0,1.0,0.9,2,92771,1278
15_9_12_9.def,1,1.0,5.0,0.1,1,19875,80
15_9_12_9.def,1,1.0,5.0,0.1,2,9841,120
15_9_12_9.def,1,1.0,5.0,0.5,1,19799,80
15_9_12_9.def,1,1.0,5.0,0.5,2,9841,120
15_9_12_9.def,1,1.0,5.0,0.9,1,19032,80
15_9_12_9.def,1,1.0,5.0,0.9,2,9841,120
15_9_12_9.def,1,5.0,1.0,0.1,1,18451,68
15_9_12_9.def,1,5.0,1.0,0.1,2,9841,120
15_9_12_9.def,1,5.0,1.0,0.5,1,19363,100
15_9_12_9.def,1,5.0,1.0,0.5,2,9844,111
15_9_12_9.def,1,5.0,1.0,0.9,1,18832,80
15_9_12_9.def,1,5.0,1.0,0.9,2,9841,123
15_9_12_9.def,1,1.0,1.0,0.1,1,17995,100
15_9_12_9.def,1,1.0,1.0,0.1,2,9841,120
15_9_12_9.def,1,1.0,1.0,0.5,1,20572,80
15_9_12_9.def,1,1.0,1.0,0.5,2,9841,120
15_9_12_9.def,1,1.0,1.0,0.9,1,20072,100
15_9_12_9.def,1,1.0,1.0,0.9,2,9841,120
15_9_12_9.def,30,1.0,5.0,0.1,1,19411,68
15_9_12_9.def,30,1.0,5.0,0.1,2,9851,116
15_9_12_9.def,30,1.0,5.0,0.5,1,19799,80
15_9_12_9.def,30,1.0,5.0,0.5,2,9851,116
15_9_12_9.def,30,1.0,5.0,0.9,1,18695,80
15_9_12_9.def,30,1.0,5.0,0.9,2,9875,178
15_9_12_9.def,30,5.0,1.0,0.1,1,18517,68
15_9_12_9.def,30,5.0,1.0,0.1,2,9875,116
15_9_12_9.def,30,5.0,1.0,0.5,1,19411,68
15_9_12_9.def,30,5.0,1.0,0.5,2,9880,194
15_9_12_9.def,30,5.0,1.0,0.9,1,18720,68
15_9_12_9.def,30,5.0,1.0,0.9,2,12535,120
15_9_12_9.def,30,1.0,1.0,0.1,1,19363,68
15_9_12_9.def,30,1.0,1.0,0.1,2,9865,145
15_9_12_9.def,30,1.0,1.0,0.5,1,19305,68
15_9_12_9.def,30,1.0,1.0,0.5,2,9863,100
15_9_12_9.def,30,1.0,1.0,0.9,1,18761,68
15_9_12_9.def,30,1.0,1.0,0.9,2,9865,191
200_40_130_9_D4.def,1,1.0,5.0,0.1,1,103108,578
200_40_130_9_D4.def,1,1.0,5.0,0.1,2,47050,1819
200_40_130_9_D4.def,1,1.0,5.0,0.5,1,105123,699
200_40_130_9_D4.def,1,1.0,5.0,0.5,2,47050,1853
200_40_130_9_D4.def,1,1.0,5.0,0.9,1,105929,548
200_40_130_9_D4.def,1,1.0,5.0,0.9,2,47050,1834
200_40_130_9_D4.def,1,5.0,1.0,0.1,1,101820,548
200_40_130_9_D4.def,1,5.0,1.0,0.1,2,47056,1812
200_40_130_9_D4.def,1,5.0,1.0,0.5,1,104055,531
200_40_130_9_D4.def,1,5.0,1.0,0.5,2,47067,1855
200_40_130_9_D4.def,1,5.0,1.0,0.9,1,107591,521
200_40_130_9_D4.def,1,5.0,1.0,0.9,2,47090,1889
200_40_130_9_D4.def,1,1.0,1.0,0.1,1,104764,497
200_40_130_9_D4.def,1,1.0,1.0,0.1,2,47050,1799
200_40_130_9_D4.def,1,1.0,1.0,0.5,1,104609,497
200_40_130_9_D4.def,1,1.0,1.0,0.5,2,47050,1833
200_40_130_9_D4.def,1,1.0,1.0,0.9,1,102645,505
200_40_130_9_D4.def,1,1.0,1.0,0.9,2,47061,1849
200_40_130_9_D4.def,30,1.0,5.0,0.1,1,102689,497
200_40_130_9_D4.def,30,1.0,5.0,0.1,2,47051,1799
200_40_130_9_D4.def,30,1.0,5.0,0.5,1,104223,497
200_40_130_9_D4.def,30,1.0,5.0,0.5,2,47051,1787
200_40_130_9_D4.def,30,1.0,5.0,0.9,1,101939,497
200_40_130_9_D4.def,30,1.0,5.0,0.9,2,47070,1788
200_40_130_9_D4.def,30,5.0,1.0,0.1,1,106388,497
200_40_130_9_D4.def,30,5.0,1.0,0.1,2,47105,2081
200_40_130_9_D4.def,30,5.0,1.0,0.5,1,105936,497
200_40_130_9_D4.def,30,5.0,1.0,0.5,2,47152,1881
200_40_130_9_D4.def,30,5.0,1.0,0.9,1,104717,497
200_40_130_9_D4.def,30,5.0,1.0,0.9,2,48850,1935
200_40_130_9_D4.def,30,1.0,1.0,0.1,1,102736,497
200_40_130_9_D4.def,30,1.0,1.0,0.1,2,47051,1794
200_40_130_9_D4.def,30,1.0,1.0,0.5,1,105403,497
200_40_130_9_D4.def,30,1.0,1.0,0.5,2,47071,1830
200_40_130_9_D4.def,30,1.0,1.0,0.9,1,103305,497
200_40_130_9_D4.def,30,1.0,1.0,0.9,2,47118,1866
100_10_64_9.def,1,1.0,5.0,0.1,1,114026,340
100_10_64_9.def,1,1.0,5.0,0.1,2,63279,1013
100_10_64_9.def,1,1.0,5.0,0.5,1,117592,347
100_10_64_9.def,1,1.0,5.0,0.5,2,63279,1013
100_10_64_9.def,1,1.0,5.0,0.9,1,114822,380
100_10_64_9.def,1,1.0,5.0,0.9,2,63279,1013
100_10_64_9.def,1,5.0,1.0,0.1,1,115982,298
100_10_64_9.def,1,5.0,1.0,0.1,2,63279,1013
100_10_64_9.def,1,5.0,1.0,0.5,1,118994,319
100_10_64_9.def,1,5.0,1.0,0.5,2,63279,1013
100_10_64_9.def,1,5.0,1.0,0.9,1,120181,311
100_10_64_9.def,1,5.0,1.0,0.9,2,63567,1033
100_10_64_9.def,1,1.0,1.0,0.1,1,114458,275
100_10_64_9.def,1,1.0,1.0,0.1,2,63279,1020
100_10_64_9.def,1,1.0,1.0,0.5,1,116551,281
100_10_64_9.def,1,1.0,1.0,0.5,2,63279,1013
100_10_64_9.def,1,1.0,1.0,0.9,1,112424,301
100_10_64_9.def,1,1.0,1.0,0.9,2,63279,1013
100_10_64_9.def,30,1.0,5.0,0.1,1,119371,302
100_10_64_9.def,30,1.0,5.0,0.1,2,63279,1013
100_10_64_9.def,30,1.0,5.0,0.5,1,119550,308
100_10_64_9.def,30,1.0,5.0,0.5,2,63279,1013
100_10_64_9.def,30,1.0,5.0,0.9,1,118781,309
100_10_64_9.def,30,1.0,5.0,0.9,2,63279,1013
100_10_64_9.def,30,5.0,1.0,0.1,1,117150,261
100_10_64_9.def,30,5.0,1.0,0.1,2,63279,1064
100_10_64_9.def,30,5.0,1.0,0.5,1,114661,270
100_10_64_9.def,30,5.0,1.0,0.5,2,63279,1038
100_10_64_9.def,30,5.0,1.0,0.9,1,115744,257
100_10_64_9.def,30,5.0,1.0,0.9,2,65100,1102
100_10_64_9.def,30,1.0,1.0,0.1,1,116441,258
100_10_64_9.def,30,1.0,1.0,0.1,2,63279,999
100_10_64_9.def,30,1.0,1.0,0.5,1,116566,257
100_10_64_9.def,30,1.0,1.0,0.5,2,63279,1030
100_10_64_9.def,30,1.0,1.0,0.9,1,117306,260
100_10_64_9.def,30,1.0,1.0,0.9,2,63388,1037
200_10_84_9.def,1,1.0,5.0,0.1,1,233441,596
200_10_84_9.def,1,1.0,5.0,0.1,2,119500,2915
200_10_84_9.def,1,1.0,5.0,0.5,1,224537,605
200_10_84_9.def,1,1.0,5.0,0.5,2,119500,2915
200_10_84_9.def,1,1.0,5.0,0.9,1,231558,602
200_10_84_9.def,1,1.0,5.0,0.9,2,119500,2915
200_10_84_9.def,1,5.0,1.0,0.1,1,229267,561
200_10_84_9.def,1,5.0,1.0,0.1,2,119500,2915
200_10_84_9.def,1,5.0,1.0,0.5,1,228412,555
200_10_84_9.def,1,5.0,1.0,0.5,2,119500,2999
200_10_84_9.def,1,5.0,1.0,0.9,1,229139,533
200_10_84_9.def,1,5.0,1.0,0.9,2,119500,2877
200_10_84_9.def,1,1.0,1.0,0.1,1,224723,554
200_10_84_9.def,1,1.0,1.0,0.1,2,119500,2915
200_10_84_9.def,1,1.0,1.0,0.5,1,229025,555
200_10_84_9.def,1,1.0,1.0,0.5,2,119500,2915
200_10_84_9.def,1,1.0,1.0,0.9,1,231125,537
200_10_84_9.def,1,1.0,1.0,0.9,2,119500,2915
200_10_84_9.def,30,1.0,5.0,0.1,1,233578,571
200_10_84_9.def,30,1.0,5.0,0.1,2,119500,2928
200_10_84_9.def,30,1.0,5.0,0.5,1,234039,552
200_10_84_9.def,30,1.0,5.0,0.5,2,119500,2977
200_10_84_9.def,30,1.0,5.0,0.9,1,230976,567
200_10_84_9.def,30,1.0,5.0,0.9,2,119500,2928
200_10_84_9.def,30,5.0,1.0,0.1,1,228633,516
200_10_84_9.def,30,5.0,1.0,0.1,2,119500,2969
200_10_84_9.def,30,5.0,1.0,0.5,1,228624,524
200_10_84_9.def,30,5.0,1.0,0.5,2,119500,2987
200_10_84_9.def,30,5.0,1.0,0.9,1,226101,523
200_10_84_9.def,30,5.0,1.0,0.9,2,120721,2743
200_10_84_9.def,30,1.0,1.0,0.1,1,229523,522
200_10_84_9.def,30,1.0,1.0,0.1,2,119500,2968
200_10_84_9.def,30,1.0,1.0,0.5,1,228258,515
200_10_84_9.def,30,1.0,1.0,0.5,2,119500,2928
200_10_84_9.def,30,1.0,1.0,0.9,1,228406,514
200_10_84_9.def,30,1.0,1.0,0.9,2,119500,2971
100_5_20_9_D3.def,1,1.0,5.0,0.1,1,42737,484
100_5_20_9_D3.def,1,1.0,5.0,0.1,2,30728,1323
100_5_20_9_D3.def,1,1.0,5.0,0.5,1,41484,420
100_5_20_9_D3.def,1,1.0,5.0,0.5,2,30728,1323
100_5_20_9_D3.def,1,1.0,5.0,0.9,1,41220,434
100_5_20_9_D3.def,1,1.0,5.0,0.9,2,30728,1323
100_5_20_9_D3.def,1,5.0,1.0,0.1,1,41702,459
100_5_20_9_D3.def,1,5.0,1.0,0.1,2,30728,1323
100_5_20_9_D3.def,1,5.0,1.0,0.5,1,41243,454
100_5_20_9_D3.def,1,5.0,1.0,0.5,2,30728,1323
100_5_20_9_D3.def,1,5.0,1.0,0.9,1,41155,399
100_5_20_9_D3.def,1,5.0,1.0,0.9,2,30753,1307
100_5_20_9_D3.def,1,1.0,1.0,0.1,1,40819,460
100_5_20_9_D3.def,1,1.0,1.0,0.1,2,30728,1323
100_5_20_9_D3.def,1,1.0,1.0,0.5,1,42371,428
100_5_20_9_D3.def,1,1.0,1.0,0.5,2,30728,1323
100_5_20_9_D3.def,1,1.0,1.0,0.9,1,41213,443
100_5_20_9_D3.def,1,1.0,1.0,0.9,2,30728,1323
100_5_20_9_D3.def,30,1.0,5.0,0.1,1,40685,407
100_5_20_9_D3.def,30,1.0,5.0,0.1,2,30728,1323
100_5_20_9_D3.def,30,1.0,5.0,0.5,1,42207,415
100_5_20_9_D3.def,30,1.0,5.0,0.5,2,30728,1323
100_5_20_9_D3.def,30,1.0,5.0,0.9,1,41753,422
100_5_20_9_D3.def,30,1.0,5.0,0.9,2,30728,1323
100_5_20_9_D3.def,30,5.0,1.0,0.1,1,41574,401
100_5_20_9_D3.def,30,5.0,1.0,0.1,2,30728,1376
100_5_20_9_D3.def,30,5.0,1.0,0.5,1,41229,399
100_5_20_9_D3.def,30,5.0,1.0,0.5,2,30728,1344
100_5_20_9_D3.def,30,5.0,1.0,0.9,1,41998,403
100_5_20_9_D3.def,30,5.0,1.0,0.9,2,31196,1257
100_5_20_9_D3.def,30,1.0,1.0,0.1,1,41267,407
100_5_20_9_D3.def,30,1.0,1.0,0.1,2,30728,1323
100_5_20_9_D3.def,30,1.0,1.0,0.5,1,42086,389
100_5_20_9_D3.def,30,1.0,1.0,0.5,2,30728,1323
100_5_20_9_D3.def,30,1.0,1.0,0.9,1,41436,386
100_5_20_9_D3.def,30,1.0,1.0,0.9,2,30728,1344
200_20_55_9.def,1,1.0,5.0,0.1,1,231342,284
200_20_55_9.def,1,1.0,5.0,0.1,2,71262,2997
200_20_55_9.def,1,1.0,5.0,0.5,1,239033,309
200_20_55_9.def,1,1.0,5.0,0.5,2,71262,2997
200_20_55_9.def,1,1.0,5.0,0.9,1,229988,285
200_20_55_9.def,1,1.0,5.0,0.9,2,71262,2997
200_20_55_9.def,1,5.0,1.0,0.1,1,229291,280
200_20_55_9.def,1,5.0,1.0,0.1,2,71262,2997
200_20_55_9.def,1,5.0,1.0,0.5,1,229180,264
200_20_55_9.def,1,5.0,1.0,0.5,2,71315,2997
200_20_55_9.def,1,5.0,1.0,0.9,1,229929,277
200_20_55_9.def,1,5.0,1.0,0.9,2,71362,2986
200_20_55_9.def,1,1.0,1.0,0.1,1,236484,236
200_20_55_9.def,1,1.0,1.0,0.1,2,71262,2997
200_20_55_9.def,1,1.0,1.0,0.5,1,230818,246
200_20_55_9.def,1,1.0,1.0,0.5,2,71262,2997
200_20_55_9.def,1,1.0,1.0,0.9,1,232832,261
200_20_55_9.def,1,1.0,1.0,0.9,2,71279,2993
200_20_55_9.def,30,1.0,5.0,0.1,1,232517,262
200_20_55_9.def,30,1.0,5.0,0.1,2,71262,2997
200_20_55_9.def,30,1.0,5.0,0.5,1,231315,256
200_20_55_9.def,30,1.0,5.0,0.5,2,71262,2996
200_20_55_9.def,30,1.0,5.0,0.9,1,230520,262
200_20_55_9.def,30,1.0,5.0,0.9,2,71267,3029
200_20_55_9.def,30,5.0,1.0,0.1,1,236146,241
200_20_55_9.def,30,5.0,1.0,0.1,2,71384,3025
200_20_55_9.def,30,5.0,1.0,0.5,1,232713,243
200_20_55_9.def,30,5.0,1.0,0.5,2,71533,3199
200_20_55_9.def,30,5.0,1.0,0.9,1,232537,244
200_20_55_9.def,30,5.0,1.0,0.9,2,74854,2588
200_20_55_9.def,30,1.0,1.0,0.1,1,234496,242
200_20_55_9.def,30,1.0,1.0,0.1,2,71262,2996
200_20_55_9.def,30,1.0,1.0,0.5,1,233845,253
200_20_55_9.def,30,1.0,1.0,0.5,2,71262,2991
200_20_55_9.def,30,1.0,1.0,0.9,1,235765,231
200_20_55_9.def,30,1.0,1.0,0.9,2,71539,3014
200_20_97_9.def,1,1.0,5.0,0.1,1,284387,314
200_20_97_9.def,1,1.0,5.0,0.1,2,100421,1604
200_20_97_9.def,1,1.0,5.0,0.5,1,278994,317
200_20_97_9.def,1,1.0,5.0,0.5,2,100421,1698
200_20_97_9.def,1,1.0,5.0,0.9,1,280712,325
200_20_97_9.def,1,1.0,5.0,0.9,2,100421,1604
200_20_97_9.def,1,5.0,1.0,0.1,1,281859,270
200_20_97_9.def,1,5.0,1.0,0.1,2,100421,1698
200_20_97_9.def,1,5.0,1.0,0.5,1,281855,316
200_20_97_9.def,1,5.0,1.0,0.5,2,100421,1698
200_20_97_9.def,1,5.0,1.0,0.9,1,275787,269
200_20_97_9.def,1,5.0,1.0,0.9,2,100774,1642
200_20_97_9.def,1,1.0,1.0,0.1,1,283619,261
200_20_97_9.def,1,1.0,1.0,0.1,2,100421,1698
200_20_97_9.def,1,1.0,1.0,0.5,1,276477,312
200_20_97_9.def,1,1.0,1.0,0.5,2,100421,1698
200_20_97_9.def,1,1.0,1.0,0.9,1,279120,324
200_20_97_9.def,1,1.0,1.0,0.9,2,100421,1698
200_20_97_9.def,30,1.0,5.0,0.1,1,274900,288
200_20_97_9.def,30,1.0,5.0,0.1,2,100421,1632
200_20_97_9.def,30,1.0,5.0,0.5,1,283484,280
200_20_97_9.def,30,1.0,5.0,0.5,2,100421,1615
200_20_97_9.def,30,1.0,5.0,0.9,1,279282,282
200_20_97_9.def,30,1.0,5.0,0.9,2,100421,1665
200_20_97_9.def,30,5.0,1.0,0.1,1,277838,266
200_20_97_9.def,30,5.0,1.0,0.1,2,100483,1692
200_20_97_9.def,30,5.0,1.0,0.5,1,278153,263
200_20_97_9.def,30,5.0,1.0,0.5,2,100421,1473
200_20_97_9.def,30,5.0,1.0,0.9,1,278489,258
200_20_97_9.def,30,5.0,1.0,0.9,2,105176,1493
200_20_97_9.def,30,1.0,1.0,0.1,1,282417,260
200_20_97_9.def,30,1.0,1.0,0.1,2,100421,1654
200_20_97_9.def,30,1.0,1.0,0.5,1,277215,257
200_20_97_9.def,30,1.0,1.0,0.5,2,100421,1643
200_20_97_9.def,30,1.0,1.0,0.9,1,280562,249
200_20_97_9.def,30,1.0,1.0,0.9,2,100557,1532
200_10_135_9_D6.def,1,1.0,5.0,0.1,1,105301,967
200_10_135_9_D6.def,1,1.0,5.0,0.1,2,73207,2436
200_10_135_9_D6.def,1,1.0,5.0,0.5,1,106651,1000
200_10_135_9_D6.def,1,1.0,5.0,0.5,2,73207,2436
200_10_135_9_D6.def,1,1.0,5.0,0.9,1,106472,975
200_10_135_9_D6.def,1,1.0,5.0,0.9,2,73207,2436
200_10_135_9_D6.def,1,5.0,1.0,0.1,1,106533,838
200_10_135_9_D6.def,1,5.0,1.0,0.1,2,73207,2436
200_10_135_9_D6.def,1,5.0,1.0,0.5,1,105615,712
200_10_135_9_D6.def,1,5.0,1.0,0.5,2,73207,2436
200_10_135_9_D6.def,1,5.0,1.0,0.9,1,103850,794
200_10_135_9_D6.def,1,5.0,1.0,0.9,2,73207,2436
200_10_135_9_D6.def,1,1.0,1.0,0.1,1,105782,784
200_10_135_9_D6.def,1,1.0,1.0,0.1,2,73207,2436
200_10_135_9_D6.def,1,1.0,1.0,0.5,1,105889,863
200_10_135_9_D6.def,1,1.0,1.0,0.5,2,73207,2436
200_10_135_9_D6.def,1,1.0,1.0,0.9,1,106893,789
200_10_135_9_D6.def,1,1.0,1.0,0.9,2,73207,2436
200_10_135_9_D6.def,30,1.0,5.0,0.1,1,106189,835
200_10_135_9_D6.def,30,1.0,5.0,0.1,2,73207,2525
200_10_135_9_D6.def,30,1.0,5.0,0.5,1,105154,809
200_10_135_9_D6.def,30,1.0,5.0,0.5,2,73207,2525
200_10_135_9_D6.def,30,1.0,5.0,0.9,1,105796,818
200_10_135_9_D6.def,30,1.0,5.0,0.9,2,73207,2525
200_10_135_9_D6.def,30,5.0,1.0,0.1,1,106714,663
200_10_135_9_D6.def,30,5.0,1.0,0.1,2,73207,2487
200_10_135_9_D6.def,30,5.0,1.0,0.5,1,104584,674
200_10_135_9_D6.def,30,5.0,1.0,0.5,2,73207,2526
200_10_135_9_D6.def,30,5.0,1.0,0.9,1,105393,647
200_10_135_9_D6.def,30,5.0,1.0,0.9,2,73730,2499
200_10_135_9_D6.def,30,1.0,1.0,0.1,1,105996,684
200_10_135_9_D6.def,30,1.0,1.0,0.1,2,73207,2525
200_10_135_9_D6.def,30,1.0,1.0,0.5,1,106532,646
200_10_135_9_D6.def,30,1.0,1.0,0.5,2,73207,2525
200_10_135_9_D6.def,30,1.0,1.0,0.9,1,106811,674
200_10_135_9_D6.def,30,1.0,1.0,0.9,2,73207,2526
15_3_5_3.def,1,1.0,5.0,0.1,1,9992,197
15_3_5_3.def,1,1.0,5.0,0.1,2,6289,290
15_3_5_3.def,1,1.0,5.0,0.5,1,9828,200
15_3_5_3.def,1,1.0,5.0,0.5,2,6289,290
15_3_5_3.def,1,1.0,5.0,0.9,1,8751,208
15_3_5_3.def,1,1.0,5.0,0.9,2,6289,290
15_3_5_3.def,1,5.0,1.0,0.1,1,9346,228
15_3_5_3.def,1,5.0,1.0,0.1,2,6289,290
15_3_5_3.def,1,5.0,1.0,0.5,1,10813,200
15_3_5_3.def,1,5.0,1.0,0.5,2,6289,290
15_3_5_3.def,1,5.0,1.0,0.9,1,10064,236
15_3_5_3.def,1,5.0,1.0,0.9,2,6289,290
15_3_5_3.def,1,1.0,1.0,0.1,1,10867,199
15_3_5_3.def,1,1.0,1.0,0.1,2,6289,290
15_3_5_3.def,1,1.0,1.0,0.5,1,10282,224
15_3_5_3.def,1,1.0,1.0,0.5,2,6289,290
15_3_5_3.def,1,1.0,1.0,0.9,1,9992,199
15_3_5_3.def,1,1.0,1.0,0.9,2,6289,290
15_3_5_3.def,30,1.0,5.0,0.1,1,9938,196
15_3_5_3.def,30,1.0,5.0,0.1,2,6289,314
15_3_5_3.def,30,1.0,5.0,0.5,1,9828,197
15_3_5_3.def,30,1.0,5.0,0.5,2,6289,290
15_3_5_3.def,30,1.0,5.0,0.9,1,9992,197
15_3_5_3.def,30,1.0,5.0,0.9,2,6289,314
15_3_5_3.def,30,5.0,1.0,0.1,1,9828,198
15_3_5_3.def,30,5.0,1.0,0.1,2,6289,272
15_3_5_3.def,30,5.0,1.0,0.5,1,9172,197
15_3_5_3.def,30,5.0,1.0,0.5,2,6289,272
15_3_5_3.def,30,5.0,1.0,0.9,1,9828,198
15_3_5_3.def,30,5.0,1.0,0.9,2,6289,275
15_3_5_3.def,30,1.0,1.0,0.1,1,10703,197
15_3_5_3.def,30,1.0,1.0,0.1,2,6289,314
15_3_5_3.def,30,1.0,1.0,0.5,1,9992,198
15_3_5_3.def,30,1.0,1.0,0.5,2,6289,284
15_3_5_3.def,30,1.0,1.0,0.9,1,9117,198
15_3_5_3.def,30,1.0,1.0,0.9,2,6289,284
15_6_10_6.def,1,1.0,5.0,0.1,1,14574,104
15_6_10_6.def,1,1.0,5.0,0.1,2,6946,211
15_6_10_6.def,1,1.0,5.0,0.5,1,17502,100
15_6_10_6.def,1,1.0,5.0,0.5,2,6946,211
15_6_10_6.def,1,1.0,5.0,0.9,1,17525,88
15_6_10_6.def,1,1.0,5.0,0.9,2,6946,211
15_6_10_6.def,1,5.0,1.0,0.1,1,13439,119
15_6_10_6.def,1,5.0,1.0,0.1,2,6946,211
15_6_10_6.def,1,5.0,1.0,0.5,1,16102,109
15_6_10_6.def,1,5.0,1.0,0.5,2,6967,211
15_6_10_6.def,1,5.0,1.0,0.9,1,14841,105
15_6_10_6.def,1,5.0,1.0,0.9,2,6967,183
15_6_10_6.def,1,1.0,1.0,0.1,1,15196,92
15_6_10_6.def,1,1.0,1.0,0.1,2,6946,211
15_6_10_6.def,1,1.0,1.0,0.5,1,15765,88
15_6_10_6.def,1,1.0,1.0,0.5,2,6946,211
15_6_10_6.def,1,1.0,1.0,0.9,1,13314,76
15_6_10_6.def,1,1.0,1.0,0.9,2,6946,211
15_6_10_6.def,30,1.0,5.0,0.1,1,14776,88
15_6_10_6.def,30,1.0,5.0,0.1,2,6946,211
15_6_10_6.def,30,1.0,5.0,0.5,1,14406,88
15_6_10_6.def,30,1.0,5.0,0.5,2,6967,211
15_6_10_6.def,30,1.0,5.0,0.9,1,16169,88
15_6_10_6.def,30,1.0,5.0,0.9,2,6967,211
15_6_10_6.def,30,5.0,1.0,0.1,1,16367,76
15_6_10_6.def,30,5.0,1.0,0.1,2,7008,222
15_6_10_6.def,30,5.0,1.0,0.5,1,17430,76
15_6_10_6.def,30,5.0,1.0,0.5,2,7008,222
15_6_10_6.def,30,5.0,1.0,0.9,1,14380,76
15_6_10_6.def,30,5.0,1.0,0.9,2,7008,223
15_6_10_6.def,30,1.0,1.0,0.1,1,16515,76
15_6_10_6.def,30,1.0,1.0,0.1,2,6946,211
15_6_10_6.def,30,1.0,1.0,0.5,1,14019,85
15_6_10_6.def,30,1.0,1.0,0.5,2,6967,211
15_6_10_6.def,30,1.0,1.0,0.9,1,15610,76
15_6_10_6.def,30,1.0,1.0,0.9,2,7008,222
